timestamp,movie_title,recommended_movies
2024-06-30 23:48:56.664408,The Dark Knight,"batman begins, the dark knight rises, harsh times, hard rain, unleashed, the prestige, outbreak, along came a spider, out of the furnace, i'm not there."
2024-06-30 23:48:56.674864,i'm not there.,"velvet goldmine, the dark knight, the fighter, captain corelli's mandolin, the new world, the big short, lords of dogtown, rescue dawn, public enemies, i am heath ledger"
2024-06-30 23:48:56.684918,velvet goldmine,"i'm not there., captain corelli's mandolin, american hustle, far from heaven, american psycho, shadow of the vampire, tumbleweeds, mowgli: legend of the jungle, ford v ferrari, dark waters"
2024-06-30 23:48:56.694099,Pulp Fiction,"reservoir dogs, bandits, 16 blocks, killing zoe, mercury rising, lucky number slevin, death wish, hostage, the hateful eight, kill bill: vol. 2"
2024-06-30 23:48:56.704908,reservoir dogs,"desperado, pulp fiction, the hateful eight, kill bill: vol. 2, once upon a time in hollywood, jackie brown, django unchained, grindhouse, inglourious basterds, from dusk till dawn"
2024-06-30 23:48:56.714433,The Dark Knight,"batman begins, the dark knight rises, harsh times, hard rain, unleashed, the prestige, outbreak, along came a spider, out of the furnace, i'm not there."
2024-06-30 23:48:56.725989,i'm not there.,"velvet goldmine, the dark knight, the fighter, captain corelli's mandolin, the new world, the big short, lords of dogtown, rescue dawn, public enemies, i am heath ledger"
2024-06-30 23:48:56.736048,velvet goldmine,"i'm not there., captain corelli's mandolin, american hustle, far from heaven, american psycho, shadow of the vampire, tumbleweeds, mowgli: legend of the jungle, ford v ferrari, dark waters"
2024-06-30 23:48:56.746565,Inception,"the dark knight rises, g.i. joe: the rise of cobra, mad max: fury road, star trek: nemesis, looper, the revenant, oblivion, jumper, lockout, treasure planet"
2024-06-30 23:48:56.755851,the dark knight rises,"inception, the dark knight, batman begins, sin city: a dame to kill for, premium rush, the prestige, rocknrolla, don jon, g.i. joe: the rise of cobra, miracle at st. anna"
2024-06-30 23:48:56.767538,inception,"the dark knight rises, g.i. joe: the rise of cobra, mad max: fury road, star trek: nemesis, looper, the revenant, oblivion, jumper, lockout, treasure planet"
2024-06-30 23:48:56.779157,star trek: nemesis,"star trek: insurrection, star trek: first contact, star trek: generations, mad max: fury road, inception, clockstoppers, jumper, thunderbirds, planet of the apes, executive decision"
2024-06-30 23:48:56.791103,Fight Club,"the curious case of benjamin button, se7en, fury, war machine, by the sea, burn after reading, babel, the tree of life, meet joe black, inglourious basterds"
2024-06-30 23:48:56.806699,the curious case of benjamin button,"legends of the fall, fight club, meet joe black, se7en, snatch, sinbad: legend of the seven seas, by the sea, the tree of life, the east, fury"
2024-06-30 23:48:56.818708,meet joe black,"legends of the fall, the curious case of benjamin button, pushing tin, sinbad: legend of the seven seas, by the sea, the tree of life, moonlight mile, the remains of the day, howards end, alexander"
2024-06-30 23:48:56.829591,Inception,"the dark knight rises, g.i. joe: the rise of cobra, mad max: fury road, star trek: nemesis, looper, the revenant, oblivion, jumper, lockout, treasure planet"
2024-06-30 23:48:56.840178,jumper,"edge of tomorrow, mad max: fury road, star wars: episode iii - revenge of the sith, star wars: episode ii - attack of the clones, star trek: nemesis, inception, zathura: a space adventure, race to witch mountain, 9, 2012"
2024-06-30 23:48:56.849693,2012,"independence day: resurgence, x-men: first class, independence day, the day after tomorrow, star wars: the clone wars            , edge of tomorrow, guardians of the galaxy, aliens, tron: legacy, battleship"
2024-06-30 23:48:56.860592,the day after tomorrow,"independence day: resurgence, g.i. joe: the rise of cobra, 2012, independence day, pandorum, frequency, white house down, flight of the phoenix, i am number four, source code"
2024-06-30 23:48:56.870779,The Dark Knight,"batman begins, the dark knight rises, harsh times, hard rain, unleashed, the prestige, outbreak, along came a spider, out of the furnace, i'm not there."
2024-06-30 23:48:56.882348,i'm not there.,"velvet goldmine, the dark knight, the fighter, captain corelli's mandolin, the new world, the big short, lords of dogtown, rescue dawn, public enemies, i am heath ledger"
2024-06-30 23:48:56.893474,rescue dawn,"mowgli: legend of the jungle, i'm not there., the fighter, exodus: gods and kings, captain corelli's mandolin, 3:10 to yuma, the new world, the big short, public enemies, seven years in tibet"
2024-06-30 23:48:56.906259,exodus: gods and kings,"vertical limit, robin hood, robin hood, kingdom of heaven, quigley down under, batman begins, white squall, mowgli: legend of the jungle, ford v ferrari, terminator salvation"
2024-06-30 23:48:56.916245,The Dark Knight,"batman begins, the dark knight rises, harsh times, hard rain, unleashed, the prestige, outbreak, along came a spider, out of the furnace, i'm not there."
2024-06-30 23:48:56.927474,i'm not there.,"velvet goldmine, the dark knight, the fighter, captain corelli's mandolin, the new world, the big short, lords of dogtown, rescue dawn, public enemies, i am heath ledger"
2024-06-30 23:48:56.936503,Fight Club,"the curious case of benjamin button, se7en, fury, war machine, by the sea, burn after reading, babel, the tree of life, meet joe black, inglourious basterds"
2024-06-30 23:48:56.947587,fury,"war machine, fight club, the curious case of benjamin button, noah, inglourious basterds, harsh times, the devil's own, se7en, legends of the fall, street kings"
2024-06-30 23:48:56.957118,the curious case of benjamin button,"legends of the fall, fight club, meet joe black, se7en, snatch, sinbad: legend of the seven seas, by the sea, the tree of life, the east, fury"
2024-06-30 23:48:56.968031,meet joe black,"legends of the fall, the curious case of benjamin button, pushing tin, sinbad: legend of the seven seas, by the sea, the tree of life, moonlight mile, the remains of the day, howards end, alexander"
2024-06-30 23:48:56.979298,The Dark Knight,"batman begins, the dark knight rises, harsh times, hard rain, unleashed, the prestige, outbreak, along came a spider, out of the furnace, i'm not there."
2024-06-30 23:48:56.991137,i'm not there.,"velvet goldmine, the dark knight, the fighter, captain corelli's mandolin, the new world, the big short, lords of dogtown, rescue dawn, public enemies, i am heath ledger"
2024-06-30 23:48:57.001087,The Matrix,"the matrix revolutions, the matrix reloaded, jupiter ascending, chain reaction, the day the earth stood still, timecop, cloverfield, bill & ted's excellent adventure, dawn of the planet of the apes, bill & ted's bogus journey"
2024-06-30 23:48:57.012018,the matrix revolutions,"the matrix reloaded, the matrix, jupiter ascending, hulk, stargate sg-1            , chain reaction, the toxic avenger part ii, journey 2: the mysterious island, jimmy neutron: boy genius, terminator 3: rise of the machines"
2024-06-30 23:48:57.022750,the matrix reloaded,"the matrix revolutions, the matrix, jupiter ascending, minions, skyline, queen crab, firebase, armageddon, escape from l.a., universal soldier: the return"
2024-06-30 23:48:57.033546,armageddon,"the island, escape from l.a., transformers: the last knight, transformers, transformers: revenge of the fallen, transformers: age of extinction, transformers: dark of the moon, the fifth element, surrogates, the jackal"
2024-06-30 23:48:57.044265,Inception,"the dark knight rises, g.i. joe: the rise of cobra, mad max: fury road, star trek: nemesis, looper, the revenant, oblivion, jumper, lockout, treasure planet"
2024-06-30 23:48:57.055508,g.i. joe: the rise of cobra,"inception, the day after tomorrow, looper, deep rising, lockout, jurassic world, treasure planet, lost in space, pandorum, the wraith"
2024-06-30 23:48:57.066953,inception,"the dark knight rises, g.i. joe: the rise of cobra, mad max: fury road, star trek: nemesis, looper, the revenant, oblivion, jumper, lockout, treasure planet"
2024-06-30 23:48:57.076736,Pulp Fiction,"reservoir dogs, bandits, 16 blocks, killing zoe, mercury rising, lucky number slevin, death wish, hostage, the hateful eight, kill bill: vol. 2"
2024-06-30 23:48:57.088296,hostage,"16 blocks, mercury rising, lucky number slevin, death wish, looper, breakdown, double jeopardy, poseidon, red 2, tears of the sun"
2024-06-30 23:48:57.098902,lucky number slevin,"high crimes, red, se7en, kiss the girls, the glass house, hostage, now you see me, extreme measures, along came a spider, getaway"
2024-06-30 23:48:57.110558,high crimes,"lucky number slevin, se7en, kiss the girls, the glass house, now you see me, along came a spider, perception            , the salton sea, the dead girl, double jeopardy"
2024-06-30 23:48:57.121373,The Dark Knight,"batman begins, the dark knight rises, harsh times, hard rain, unleashed, the prestige, outbreak, along came a spider, out of the furnace, i'm not there."
2024-06-30 23:48:57.134943,unleashed,"now you see me, cradle 2 the grave, the dark knight, hard rain, kiss of the dragon, romeo must die, the shawshank redemption, lethal weapon 4, outbreak, along came a spider"
2024-06-30 23:48:57.148259,along came a spider,"without limits, the dark knight, hard rain, unleashed, high crimes, untraceable, se7en, kiss the girls, lucky number slevin, now you see me"
2024-06-30 23:48:57.158607,high crimes,"lucky number slevin, se7en, kiss the girls, the glass house, now you see me, along came a spider, perception            , the salton sea, the dead girl, double jeopardy"
2024-06-30 23:48:57.173373,Inception,"the dark knight rises, g.i. joe: the rise of cobra, mad max: fury road, star trek: nemesis, looper, the revenant, oblivion, jumper, lockout, treasure planet"
2024-06-30 23:48:57.186060,g.i. joe: the rise of cobra,"inception, the day after tomorrow, looper, deep rising, lockout, jurassic world, treasure planet, lost in space, pandorum, the wraith"
2024-06-30 23:48:57.198247,inception,"the dark knight rises, g.i. joe: the rise of cobra, mad max: fury road, star trek: nemesis, looper, the revenant, oblivion, jumper, lockout, treasure planet"
2024-06-30 23:48:57.213710,Inception,"the dark knight rises, g.i. joe: the rise of cobra, mad max: fury road, star trek: nemesis, looper, the revenant, oblivion, jumper, lockout, treasure planet"
2024-06-30 23:48:57.229134,The Matrix,"the matrix revolutions, the matrix reloaded, jupiter ascending, chain reaction, the day the earth stood still, timecop, cloverfield, bill & ted's excellent adventure, dawn of the planet of the apes, bill & ted's bogus journey"
2024-06-30 23:48:57.244327,timecop,"capricorn one, a sound of thunder, looper, surrogates, i am number four, run all night, robocop 3, battleship, armageddon, i, robot"
2024-06-30 23:48:57.259426,i am number four,"alex rider: operation stormbreaker, battleship, star trek beyond, waterworld, mad max: fury road, armageddon, stealth, g.i. joe: retaliation, the day after tomorrow, fantastic 4: rise of the silver surfer"
2024-06-30 23:48:57.273958,battleship,"star wars: episode i - the phantom menace, world war z, x-men: days of future past, a sound of thunder, krull, 2012, the incredible hulk, the rundown, i am number four, logan's run"
2024-06-30 23:48:57.289096,The Dark Knight,"batman begins, the dark knight rises, harsh times, hard rain, unleashed, the prestige, outbreak, along came a spider, out of the furnace, i'm not there."
2024-06-30 23:48:57.301921,i'm not there.,"velvet goldmine, the dark knight, the fighter, captain corelli's mandolin, the new world, the big short, lords of dogtown, rescue dawn, public enemies, i am heath ledger"
2024-06-30 23:48:57.313545,velvet goldmine,"i'm not there., captain corelli's mandolin, american hustle, far from heaven, american psycho, shadow of the vampire, tumbleweeds, mowgli: legend of the jungle, ford v ferrari, dark waters"
2024-06-30 23:48:57.324292,The Matrix,"the matrix revolutions, the matrix reloaded, jupiter ascending, chain reaction, the day the earth stood still, timecop, cloverfield, bill & ted's excellent adventure, dawn of the planet of the apes, bill & ted's bogus journey"
2024-06-30 23:48:57.335361,the matrix revolutions,"the matrix reloaded, the matrix, jupiter ascending, hulk, stargate sg-1            , chain reaction, the toxic avenger part ii, journey 2: the mysterious island, jimmy neutron: boy genius, terminator 3: rise of the machines"
2024-06-30 23:48:57.346497,the matrix reloaded,"the matrix revolutions, the matrix, jupiter ascending, minions, skyline, queen crab, firebase, armageddon, escape from l.a., universal soldier: the return"
2024-06-30 23:48:57.358638,armageddon,"the island, escape from l.a., transformers: the last knight, transformers, transformers: revenge of the fallen, transformers: age of extinction, transformers: dark of the moon, the fifth element, surrogates, the jackal"
2024-06-30 23:48:57.370844,The Dark Knight,"batman begins, the dark knight rises, harsh times, hard rain, unleashed, the prestige, outbreak, along came a spider, out of the furnace, i'm not there."
2024-06-30 23:48:57.382335,i'm not there.,"velvet goldmine, the dark knight, the fighter, captain corelli's mandolin, the new world, the big short, lords of dogtown, rescue dawn, public enemies, i am heath ledger"
2024-06-30 23:48:57.395107,velvet goldmine,"i'm not there., captain corelli's mandolin, american hustle, far from heaven, american psycho, shadow of the vampire, tumbleweeds, mowgli: legend of the jungle, ford v ferrari, dark waters"
2024-06-30 23:48:57.407666,The Dark Knight,"batman begins, the dark knight rises, harsh times, hard rain, unleashed, the prestige, outbreak, along came a spider, out of the furnace, i'm not there."
2024-06-30 23:48:57.419010,i'm not there.,"velvet goldmine, the dark knight, the fighter, captain corelli's mandolin, the new world, the big short, lords of dogtown, rescue dawn, public enemies, i am heath ledger"
2024-06-30 23:48:57.433118,velvet goldmine,"i'm not there., captain corelli's mandolin, american hustle, far from heaven, american psycho, shadow of the vampire, tumbleweeds, mowgli: legend of the jungle, ford v ferrari, dark waters"
2024-06-30 23:48:57.442995,Inception,"the dark knight rises, g.i. joe: the rise of cobra, mad max: fury road, star trek: nemesis, looper, the revenant, oblivion, jumper, lockout, treasure planet"
2024-06-30 23:48:57.457632,g.i. joe: the rise of cobra,"inception, the day after tomorrow, looper, deep rising, lockout, jurassic world, treasure planet, lost in space, pandorum, the wraith"
2024-06-30 23:48:57.471216,inception,"the dark knight rises, g.i. joe: the rise of cobra, mad max: fury road, star trek: nemesis, looper, the revenant, oblivion, jumper, lockout, treasure planet"
2024-06-30 23:48:57.486061,Pulp Fiction,"reservoir dogs, bandits, 16 blocks, killing zoe, mercury rising, lucky number slevin, death wish, hostage, the hateful eight, kill bill: vol. 2"
2024-06-30 23:48:57.502715,lucky number slevin,"high crimes, red, se7en, kiss the girls, the glass house, hostage, now you see me, extreme measures, along came a spider, getaway"
2024-06-30 23:48:57.517633,high crimes,"lucky number slevin, se7en, kiss the girls, the glass house, now you see me, along came a spider, perception            , the salton sea, the dead girl, double jeopardy"
2024-06-30 23:48:57.532213,Inception,"the dark knight rises, g.i. joe: the rise of cobra, mad max: fury road, star trek: nemesis, looper, the revenant, oblivion, jumper, lockout, treasure planet"
2024-06-30 23:48:57.546218,Fight Club,"the curious case of benjamin button, se7en, fury, war machine, by the sea, burn after reading, babel, the tree of life, meet joe black, inglourious basterds"
2024-06-30 23:48:57.563438,by the sea,"mr. & mrs. smith, pushing tin, in the land of blood and honey, beyond borders, original sin, life or something like it, girl, interrupted, alexander, changeling, the bone collector"
2024-06-30 23:48:57.580585,changeling,"the bone collector, original sin, blood work, the mule, absolute power, midnight in the garden of good and evil, secret in their eyes, by the sea, salt, hackers"
2024-06-30 23:48:57.598033,the bone collector,"salt, changeling, inside man, the pelican brief, by the sea, hackers, original sin, training day, john q, the good german"
2024-06-30 23:48:57.613773,Fight Club,"the curious case of benjamin button, se7en, fury, war machine, by the sea, burn after reading, babel, the tree of life, meet joe black, inglourious basterds"
2024-06-30 23:48:57.627223,se7en,"the girl with the dragon tattoo, gone girl, high crimes, kiss the girls, lucky number slevin, fight club, zodiac, now you see me, the curious case of benjamin button, panic room"
2024-06-30 23:48:57.642943,now you see me,"unleashed, wanted, high crimes, se7en, kiss the girls, secret in their eyes, lucky number slevin, changeling, now you see me 2, the interpreter"
2024-06-30 23:48:57.658104,high crimes,"lucky number slevin, se7en, kiss the girls, the glass house, now you see me, along came a spider, perception            , the salton sea, the dead girl, double jeopardy"
2024-06-30 23:48:57.671402,Fight Club,"the curious case of benjamin button, se7en, fury, war machine, by the sea, burn after reading, babel, the tree of life, meet joe black, inglourious basterds"
2024-06-30 23:48:57.686887,the curious case of benjamin button,"legends of the fall, fight club, meet joe black, se7en, snatch, sinbad: legend of the seven seas, by the sea, the tree of life, the east, fury"
2024-06-30 23:48:57.702063,se7en,"the girl with the dragon tattoo, gone girl, high crimes, kiss the girls, lucky number slevin, fight club, zodiac, now you see me, the curious case of benjamin button, panic room"
2024-06-30 23:48:57.721504,kiss the girls,"don't say a word, the pelican brief, high crimes, se7en, lucky number slevin, now you see me, impostor, along came a spider, brother, the dark knight"
2024-06-30 23:48:57.738831,Fight Club,"the curious case of benjamin button, se7en, fury, war machine, by the sea, burn after reading, babel, the tree of life, meet joe black, inglourious basterds"
2024-06-30 23:48:57.752416,war machine,"fury, legends of the fall, fight club, burn after reading, the curious case of benjamin button, meet joe black, inglourious basterds, the lucky ones, m*a*s*h            , once upon a time in hollywood"
2024-06-30 23:48:57.763519,the curious case of benjamin button,"legends of the fall, fight club, meet joe black, se7en, snatch, sinbad: legend of the seven seas, by the sea, the tree of life, the east, fury"
2024-06-30 23:48:57.775526,se7en,"the girl with the dragon tattoo, gone girl, high crimes, kiss the girls, lucky number slevin, fight club, zodiac, now you see me, the curious case of benjamin button, panic room"
2024-06-30 23:48:57.785497,The Matrix,"the matrix revolutions, the matrix reloaded, jupiter ascending, chain reaction, the day the earth stood still, timecop, cloverfield, bill & ted's excellent adventure, dawn of the planet of the apes, bill & ted's bogus journey"
2024-06-30 23:48:57.797212,the matrix revolutions,"the matrix reloaded, the matrix, jupiter ascending, hulk, stargate sg-1            , chain reaction, the toxic avenger part ii, journey 2: the mysterious island, jimmy neutron: boy genius, terminator 3: rise of the machines"
2024-06-30 23:48:57.808154,journey 2: the mysterious island,"zathura: a space adventure, journey to the center of the earth, race to witch mountain, rampage, planet 51, ant-man, men in black 3, muppets from space, teenage mutant ninja turtles iii, home"
2024-06-30 23:48:57.819937,zathura: a space adventure,"journey 2: the mysterious island, journey to the center of the earth, iron man, iron man 2, men in black 3, muppets from space, teenage mutant ninja turtles iii, men in black ii, tmnt, g-force"
2024-06-30 23:48:57.832064,Inception,"the dark knight rises, g.i. joe: the rise of cobra, mad max: fury road, star trek: nemesis, looper, the revenant, oblivion, jumper, lockout, treasure planet"
2024-06-30 23:48:57.844292,g.i. joe: the rise of cobra,"inception, the day after tomorrow, looper, deep rising, lockout, jurassic world, treasure planet, lost in space, pandorum, the wraith"
2024-06-30 23:48:57.857229,inception,"the dark knight rises, g.i. joe: the rise of cobra, mad max: fury road, star trek: nemesis, looper, the revenant, oblivion, jumper, lockout, treasure planet"
2024-06-30 23:48:57.869455,Pulp Fiction,"reservoir dogs, bandits, 16 blocks, killing zoe, mercury rising, lucky number slevin, death wish, hostage, the hateful eight, kill bill: vol. 2"
2024-06-30 23:48:57.884748,16 blocks,"mercury rising, death wish, hostage, looper, lethal weapon 4, assassins, cellular, lethal weapon 3, contraband, a most violent year"
2024-06-30 23:48:57.900110,a most violent year,"margin call, contraband, harsh times, captive, gangster squad, out of sight, 16 blocks, street kings, jack reacher, sabotage"
2024-06-30 23:48:57.913555,contraband,"harsh times, 2 guns, a most violent year, 16 blocks, street kings, witness, sabotage, the tax collector, snakes on a plane, lone wolf mcquade"
2024-06-30 23:48:57.926506,The Matrix,"the matrix revolutions, the matrix reloaded, jupiter ascending, chain reaction, the day the earth stood still, timecop, cloverfield, bill & ted's excellent adventure, dawn of the planet of the apes, bill & ted's bogus journey"
2024-06-30 23:48:57.941307,jupiter ascending,"g.i. joe: retaliation, the matrix revolutions, the matrix reloaded, the matrix, terminator salvation, star trek into darkness, terminator genisys, star trek, ant-man, john carter"
2024-06-30 23:48:57.956428,g.i. joe: retaliation,"race to witch mountain, jupiter ascending, the core, doom, daredevil            , journey 2: the mysterious island, iron man, iron man 2, san andreas, the mummy returns"
2024-06-30 23:48:57.972304,the mummy returns,"the scorpion king, the mummy: tomb of the dragon emperor, inkheart, race to witch mountain, san andreas, the rundown, g.i. joe: retaliation, rampage, g.i. joe: the rise of cobra, journey to the center of the earth"
2024-06-30 23:48:57.985765,The Dark Knight,"batman begins, the dark knight rises, harsh times, hard rain, unleashed, the prestige, outbreak, along came a spider, out of the furnace, i'm not there."
2024-06-30 23:48:58.003182,i'm not there.,"velvet goldmine, the dark knight, the fighter, captain corelli's mandolin, the new world, the big short, lords of dogtown, rescue dawn, public enemies, i am heath ledger"
2024-06-30 23:48:58.020839,velvet goldmine,"i'm not there., captain corelli's mandolin, american hustle, far from heaven, american psycho, shadow of the vampire, tumbleweeds, mowgli: legend of the jungle, ford v ferrari, dark waters"
2024-06-30 23:48:58.080324,Pulp Fiction,"reservoir dogs, bandits, 16 blocks, killing zoe, mercury rising, lucky number slevin, death wish, hostage, the hateful eight, kill bill: vol. 2"
2024-06-30 23:48:58.092132,the hateful eight,"reservoir dogs, the jacket, road to perdition, kansas city, grindhouse, in the cut, the machinist, don't say a word, the long kiss goodnight, the losers"
2024-06-30 23:48:58.102535,the jacket,"existenz, the hateful eight, in the cut, the machinist, all superheroes must die, road to perdition, kansas city, they live, a cure for wellness, the discovery"
2024-06-30 23:48:58.114844,road to perdition,"kansas city, the hateful eight, catch me if you can, the killer inside me, the machinist, the jacket, anomalisa, wild card, cold pursuit, philadelphia"
2024-06-30 23:48:58.127046,The Dark Knight,"batman begins, the dark knight rises, harsh times, hard rain, unleashed, the prestige, outbreak, along came a spider, out of the furnace, i'm not there."
2024-06-30 23:48:58.140179,Inception,"the dark knight rises, g.i. joe: the rise of cobra, mad max: fury road, star trek: nemesis, looper, the revenant, oblivion, jumper, lockout, treasure planet"
2024-06-30 23:48:58.150946,g.i. joe: the rise of cobra,"inception, the day after tomorrow, looper, deep rising, lockout, jurassic world, treasure planet, lost in space, pandorum, the wraith"
2024-06-30 23:48:58.162966,inception,"the dark knight rises, g.i. joe: the rise of cobra, mad max: fury road, star trek: nemesis, looper, the revenant, oblivion, jumper, lockout, treasure planet"
2024-06-30 23:48:58.175185,jumper,"edge of tomorrow, mad max: fury road, star wars: episode iii - revenge of the sith, star wars: episode ii - attack of the clones, star trek: nemesis, inception, zathura: a space adventure, race to witch mountain, 9, 2012"
2024-06-30 23:48:58.187591,Pulp Fiction,"reservoir dogs, bandits, 16 blocks, killing zoe, mercury rising, lucky number slevin, death wish, hostage, the hateful eight, kill bill: vol. 2"
2024-06-30 23:48:58.200905,bandits,"an everlasting piece, the story of us, man of the year, moonrise kingdom, the whole nine yards, atl, pulp fiction, diner, the whole ten yards, what just happened"
2024-06-30 23:48:58.212283,an everlasting piece,"bandits, envy, diner, what just happened, good morning, vietnam, the cleanse, land of the lost, man of the year, wag the dog, rain man"
2024-06-30 23:48:58.224615,The Dark Knight,"batman begins, the dark knight rises, harsh times, hard rain, unleashed, the prestige, outbreak, along came a spider, out of the furnace, i'm not there."
2024-06-30 23:48:58.236369,i'm not there.,"velvet goldmine, the dark knight, the fighter, captain corelli's mandolin, the new world, the big short, lords of dogtown, rescue dawn, public enemies, i am heath ledger"
2024-06-30 23:48:58.247831,velvet goldmine,"i'm not there., captain corelli's mandolin, american hustle, far from heaven, american psycho, shadow of the vampire, tumbleweeds, mowgli: legend of the jungle, ford v ferrari, dark waters"
2024-06-30 23:48:58.260047,Inception,"the dark knight rises, g.i. joe: the rise of cobra, mad max: fury road, star trek: nemesis, looper, the revenant, oblivion, jumper, lockout, treasure planet"
2024-06-30 23:48:58.272920,g.i. joe: the rise of cobra,"inception, the day after tomorrow, looper, deep rising, lockout, jurassic world, treasure planet, lost in space, pandorum, the wraith"
2024-06-30 23:48:58.284877,inception,"the dark knight rises, g.i. joe: the rise of cobra, mad max: fury road, star trek: nemesis, looper, the revenant, oblivion, jumper, lockout, treasure planet"
2024-06-30 23:48:58.295524,The Matrix,"the matrix revolutions, the matrix reloaded, jupiter ascending, chain reaction, the day the earth stood still, timecop, cloverfield, bill & ted's excellent adventure, dawn of the planet of the apes, bill & ted's bogus journey"
2024-06-30 23:48:58.305930,the matrix revolutions,"the matrix reloaded, the matrix, jupiter ascending, hulk, stargate sg-1            , chain reaction, the toxic avenger part ii, journey 2: the mysterious island, jimmy neutron: boy genius, terminator 3: rise of the machines"
2024-06-30 23:48:58.320412,stargate sg-1            ,"stargate: the ark of truth, revolution            , dawn of the planet of the apes, daredevil            , all is lost, defiance            , star wars: the clone wars            , big hero 6, interstellar, the fifth element"
2024-06-30 23:48:58.333052,revolution            ,"stargate sg-1            , daredevil            , all is lost, defiance            , star wars: the clone wars            , dune, wing commander, dark angel            , watchmen, the chronicles of riddick"
2024-06-30 23:48:58.346338,The Dark Knight,"batman begins, the dark knight rises, harsh times, hard rain, unleashed, the prestige, outbreak, along came a spider, out of the furnace, i'm not there."
2024-06-30 23:48:58.361356,i'm not there.,"velvet goldmine, the dark knight, the fighter, captain corelli's mandolin, the new world, the big short, lords of dogtown, rescue dawn, public enemies, i am heath ledger"
2024-06-30 23:48:58.373475,velvet goldmine,"i'm not there., captain corelli's mandolin, american hustle, far from heaven, american psycho, shadow of the vampire, tumbleweeds, mowgli: legend of the jungle, ford v ferrari, dark waters"
2024-06-30 23:48:58.387656,Pulp Fiction,"reservoir dogs, bandits, 16 blocks, killing zoe, mercury rising, lucky number slevin, death wish, hostage, the hateful eight, kill bill: vol. 2"
2024-06-30 23:48:58.402767,lucky number slevin,"high crimes, red, se7en, kiss the girls, the glass house, hostage, now you see me, extreme measures, along came a spider, getaway"
2024-06-30 23:48:58.418509,high crimes,"lucky number slevin, se7en, kiss the girls, the glass house, now you see me, along came a spider, perception            , the salton sea, the dead girl, double jeopardy"
2024-06-30 23:48:58.431769,Fight Club,"the curious case of benjamin button, se7en, fury, war machine, by the sea, burn after reading, babel, the tree of life, meet joe black, inglourious basterds"
2024-06-30 23:48:58.447938,meet joe black,"legends of the fall, the curious case of benjamin button, pushing tin, sinbad: legend of the seven seas, by the sea, the tree of life, moonlight mile, the remains of the day, howards end, alexander"
2024-06-30 23:48:58.463377,the curious case of benjamin button,"legends of the fall, fight club, meet joe black, se7en, snatch, sinbad: legend of the seven seas, by the sea, the tree of life, the east, fury"
2024-06-30 23:48:58.475951,se7en,"the girl with the dragon tattoo, gone girl, high crimes, kiss the girls, lucky number slevin, fight club, zodiac, now you see me, the curious case of benjamin button, panic room"
2024-06-30 23:48:58.492926,Inception,"the dark knight rises, g.i. joe: the rise of cobra, mad max: fury road, star trek: nemesis, looper, the revenant, oblivion, jumper, lockout, treasure planet"
2024-06-30 23:48:58.509020,g.i. joe: the rise of cobra,"inception, the day after tomorrow, looper, deep rising, lockout, jurassic world, treasure planet, lost in space, pandorum, the wraith"
2024-06-30 23:48:58.522676,Pulp Fiction,"reservoir dogs, bandits, 16 blocks, killing zoe, mercury rising, lucky number slevin, death wish, hostage, the hateful eight, kill bill: vol. 2"
2024-06-30 23:48:58.538429,lucky number slevin,"high crimes, red, se7en, kiss the girls, the glass house, hostage, now you see me, extreme measures, along came a spider, getaway"
2024-06-30 23:48:58.555134,high crimes,"lucky number slevin, se7en, kiss the girls, the glass house, now you see me, along came a spider, perception            , the salton sea, the dead girl, double jeopardy"
2024-06-30 23:48:58.573403,Pulp Fiction,"reservoir dogs, bandits, 16 blocks, killing zoe, mercury rising, lucky number slevin, death wish, hostage, the hateful eight, kill bill: vol. 2"
2024-06-30 23:48:58.593506,the hateful eight,"reservoir dogs, the jacket, road to perdition, kansas city, grindhouse, in the cut, the machinist, don't say a word, the long kiss goodnight, the losers"
2024-06-30 23:48:58.611300,reservoir dogs,"desperado, pulp fiction, the hateful eight, kill bill: vol. 2, once upon a time in hollywood, jackie brown, django unchained, grindhouse, inglourious basterds, from dusk till dawn"
2024-06-30 23:48:58.628748,kill bill: vol. 2,"the great train robbery, reservoir dogs, haywire, romeo is bleeding, trespass against us, unlocked, batman & robin, kill bill: vol. 1, miami vice            , blackhat"
2024-06-30 23:48:58.644741,The Matrix,"the matrix revolutions, the matrix reloaded, jupiter ascending, chain reaction, the day the earth stood still, timecop, cloverfield, bill & ted's excellent adventure, dawn of the planet of the apes, bill & ted's bogus journey"
2024-06-30 23:48:58.658448,the matrix revolutions,"the matrix reloaded, the matrix, jupiter ascending, hulk, stargate sg-1            , chain reaction, the toxic avenger part ii, journey 2: the mysterious island, jimmy neutron: boy genius, terminator 3: rise of the machines"
2024-06-30 23:48:58.676562,hulk,"chain reaction, the matrix revolutions, battle for the planet of the apes, conquest of the planet of the apes, superman returns, transformers: revenge of the fallen, transformers: dark of the moon, the tuxedo, stargate sg-1            , waterworld"
2024-06-30 23:48:58.694097,waterworld,"x-men origins: wolverine, underworld: rise of the lycans, blade: trinity, superman returns, transformers: revenge of the fallen, green lantern, transformers: dark of the moon, i am number four, battleship, star trek beyond"
2024-06-30 23:48:58.708920,The Matrix,"the matrix revolutions, the matrix reloaded, jupiter ascending, chain reaction, the day the earth stood still, timecop, cloverfield, bill & ted's excellent adventure, dawn of the planet of the apes, bill & ted's bogus journey"
2024-06-30 23:48:58.724466,cloverfield,"doom, dawn of the planet of the apes, terminator genisys, flash gordon, resident evil: afterlife, resident evil: apocalypse, resident evil: extinction, deep rising, justice league, world war z"
2024-06-30 23:48:58.740220,deep rising,"the league of extraordinary gentlemen, guardians of the galaxy, the devil's tomb, avatar, g.i. joe: the rise of cobra, the island, ghosts of mars, teenage mutant ninja turtles: out of the shadows, doom, mystery men"
2024-06-30 23:48:58.753865,guardians of the galaxy,"the chronicles of riddick, babylon a.d., deep rising, guardians of the galaxy vol. 2, the island, star wars: the clone wars            , the iron giant, 2012, captain america: the first avenger, aliens"
2024-06-30 23:48:58.767982,The Matrix,"the matrix revolutions, the matrix reloaded, jupiter ascending, chain reaction, the day the earth stood still, timecop, cloverfield, bill & ted's excellent adventure, dawn of the planet of the apes, bill & ted's bogus journey"
2024-06-30 23:48:58.780299,the matrix revolutions,"the matrix reloaded, the matrix, jupiter ascending, hulk, stargate sg-1            , chain reaction, the toxic avenger part ii, journey 2: the mysterious island, jimmy neutron: boy genius, terminator 3: rise of the machines"
2024-06-30 23:48:58.799055,the toxic avenger part ii,"the toxic avenger, the world's end, tremors, alien: resurrection, transformers, clockstoppers, daybreakers, split second, men in black 3, teenage mutant ninja turtles ii: the secret of the ooze"
2024-06-30 23:48:58.812999,transformers,"transformers: revenge of the fallen, transformers: dark of the moon, transformers: age of extinction, armageddon, the rock, transformers: the last knight, the island, teenage mutant ninja turtles ii: the secret of the ooze, x-men: apocalypse, x-men: first class"
2024-06-30 23:48:58.825435,Inception,"the dark knight rises, g.i. joe: the rise of cobra, mad max: fury road, star trek: nemesis, looper, the revenant, oblivion, jumper, lockout, treasure planet"
2024-06-30 23:48:58.837142,g.i. joe: the rise of cobra,"inception, the day after tomorrow, looper, deep rising, lockout, jurassic world, treasure planet, lost in space, pandorum, the wraith"
2024-06-30 23:48:58.849158,inception,"the dark knight rises, g.i. joe: the rise of cobra, mad max: fury road, star trek: nemesis, looper, the revenant, oblivion, jumper, lockout, treasure planet"
2024-06-30 23:48:58.860638,Fight Club,"the curious case of benjamin button, se7en, fury, war machine, by the sea, burn after reading, babel, the tree of life, meet joe black, inglourious basterds"
2024-06-30 23:48:58.872084,the tree of life,"the curious case of benjamin button, meet joe black, interview with the vampire: the vampire chronicles, by the sea, sinbad: legend of the seven seas, fight club, burn after reading, babel, mud, the thin red line"
2024-06-30 23:48:58.884583,the curious case of benjamin button,"legends of the fall, fight club, meet joe black, se7en, snatch, sinbad: legend of the seven seas, by the sea, the tree of life, the east, fury"
2024-06-30 23:48:58.895902,snatch,"lock, stock and two smoking barrels, transporter 2, mean machine, wild card, the curious case of benjamin button, the missing            , mr. & mrs. smith, furious 7, the italian job, the mechanic"
2024-06-30 23:48:58.908959,The Dark Knight,"batman begins, the dark knight rises, harsh times, hard rain, unleashed, the prestige, outbreak, along came a spider, out of the furnace, i'm not there."
2024-06-30 23:48:58.922394,i'm not there.,"velvet goldmine, the dark knight, the fighter, captain corelli's mandolin, the new world, the big short, lords of dogtown, rescue dawn, public enemies, i am heath ledger"
2024-06-30 23:48:58.935649,velvet goldmine,"i'm not there., captain corelli's mandolin, american hustle, far from heaven, american psycho, shadow of the vampire, tumbleweeds, mowgli: legend of the jungle, ford v ferrari, dark waters"
2024-06-30 23:48:58.949110,The Dark Knight,"batman begins, the dark knight rises, harsh times, hard rain, unleashed, the prestige, outbreak, along came a spider, out of the furnace, i'm not there."
2024-06-30 23:48:58.961443,i'm not there.,"velvet goldmine, the dark knight, the fighter, captain corelli's mandolin, the new world, the big short, lords of dogtown, rescue dawn, public enemies, i am heath ledger"
2024-06-30 23:48:58.974613,velvet goldmine,"i'm not there., captain corelli's mandolin, american hustle, far from heaven, american psycho, shadow of the vampire, tumbleweeds, mowgli: legend of the jungle, ford v ferrari, dark waters"
2024-06-30 23:48:58.987877,Inception,"the dark knight rises, g.i. joe: the rise of cobra, mad max: fury road, star trek: nemesis, looper, the revenant, oblivion, jumper, lockout, treasure planet"
2024-06-30 23:48:59.000169,g.i. joe: the rise of cobra,"inception, the day after tomorrow, looper, deep rising, lockout, jurassic world, treasure planet, lost in space, pandorum, the wraith"
2024-06-30 23:48:59.012406,inception,"the dark knight rises, g.i. joe: the rise of cobra, mad max: fury road, star trek: nemesis, looper, the revenant, oblivion, jumper, lockout, treasure planet"
2024-06-30 23:48:59.025152,Pulp Fiction,"reservoir dogs, bandits, 16 blocks, killing zoe, mercury rising, lucky number slevin, death wish, hostage, the hateful eight, kill bill: vol. 2"
2024-06-30 23:48:59.039435,reservoir dogs,"desperado, pulp fiction, the hateful eight, kill bill: vol. 2, once upon a time in hollywood, jackie brown, django unchained, grindhouse, inglourious basterds, from dusk till dawn"
2024-06-30 23:48:59.052811,kill bill: vol. 2,"the great train robbery, reservoir dogs, haywire, romeo is bleeding, trespass against us, unlocked, batman & robin, kill bill: vol. 1, miami vice            , blackhat"
2024-06-30 23:48:59.065725,blackhat,"gangster squad, miami vice            , street fighter: the legend of chun-li, the losers, kill bill: vol. 2, 12 strong, the negotiator, broken horses, the corruptor, extreme measures"
2024-06-30 23:48:59.077689,Pulp Fiction,"reservoir dogs, bandits, 16 blocks, killing zoe, mercury rising, lucky number slevin, death wish, hostage, the hateful eight, kill bill: vol. 2"
2024-06-30 23:48:59.090571,lucky number slevin,"high crimes, red, se7en, kiss the girls, the glass house, hostage, now you see me, extreme measures, along came a spider, getaway"
2024-06-30 23:48:59.102571,high crimes,"lucky number slevin, se7en, kiss the girls, the glass house, now you see me, along came a spider, perception            , the salton sea, the dead girl, double jeopardy"
2024-06-30 23:48:59.115564,perception            ,"hannibal            , luther            , the following            , the streets of san francisco            , high crimes, ripley's game, a walk among the tombstones, miami vice            , enemy of the state, the frozen ground"
2024-06-30 23:48:59.128219,The Matrix,"the matrix revolutions, the matrix reloaded, jupiter ascending, chain reaction, the day the earth stood still, timecop, cloverfield, bill & ted's excellent adventure, dawn of the planet of the apes, bill & ted's bogus journey"
2024-06-30 23:48:59.140330,dawn of the planet of the apes,"ant-man, the fifth element, stargate sg-1            , cloverfield, jurassic world, tomorrowland, lost in space, let me in, criminal, terminator genisys"
2024-06-30 23:48:59.152340,jurassic world,"terminator salvation, ant-man, the village, g.i. joe: the rise of cobra, dawn of the planet of the apes, tomorrowland, i am number four, skyline, jurassic world: fallen kingdom, battleship"
2024-06-30 23:48:59.165118,Pulp Fiction,"reservoir dogs, bandits, 16 blocks, killing zoe, mercury rising, lucky number slevin, death wish, hostage, the hateful eight, kill bill: vol. 2"
2024-06-30 23:48:59.177738,lucky number slevin,"high crimes, red, se7en, kiss the girls, the glass house, hostage, now you see me, extreme measures, along came a spider, getaway"
2024-06-30 23:48:59.191573,high crimes,"lucky number slevin, se7en, kiss the girls, the glass house, now you see me, along came a spider, perception            , the salton sea, the dead girl, double jeopardy"
2024-06-30 23:48:59.206339,the dead girl,"high crimes, in the valley of elah, in dubious battle, city by the sea, the missing            , a touch of frost            , wall street, double jeopardy, future world, glengarry glen ross"
2024-06-30 23:48:59.218524,The Matrix,"the matrix revolutions, the matrix reloaded, jupiter ascending, chain reaction, the day the earth stood still, timecop, cloverfield, bill & ted's excellent adventure, dawn of the planet of the apes, bill & ted's bogus journey"
2024-06-30 23:48:59.230701,the matrix revolutions,"the matrix reloaded, the matrix, jupiter ascending, hulk, stargate sg-1            , chain reaction, the toxic avenger part ii, journey 2: the mysterious island, jimmy neutron: boy genius, terminator 3: rise of the machines"
2024-06-30 23:48:59.241719,the matrix reloaded,"the matrix revolutions, the matrix, jupiter ascending, minions, skyline, queen crab, firebase, armageddon, escape from l.a., universal soldier: the return"
2024-06-30 23:48:59.252951,armageddon,"the island, escape from l.a., transformers: the last knight, transformers, transformers: revenge of the fallen, transformers: age of extinction, transformers: dark of the moon, the fifth element, surrogates, the jackal"
2024-06-30 23:48:59.263830,Inception,"the dark knight rises, g.i. joe: the rise of cobra, mad max: fury road, star trek: nemesis, looper, the revenant, oblivion, jumper, lockout, treasure planet"
2024-06-30 23:48:59.276307,g.i. joe: the rise of cobra,"inception, the day after tomorrow, looper, deep rising, lockout, jurassic world, treasure planet, lost in space, pandorum, the wraith"
2024-06-30 23:48:59.288008,jurassic world,"terminator salvation, ant-man, the village, g.i. joe: the rise of cobra, dawn of the planet of the apes, tomorrowland, i am number four, skyline, jurassic world: fallen kingdom, battleship"
2024-06-30 23:48:59.298018,terminator salvation,"jurassic world, reign of fire, battlefield earth, jurassic world: fallen kingdom, equilibrium, teenage mutant ninja turtles, g.i. joe: the rise of cobra, batman begins, star trek into darkness, terminator genisys"
2024-06-30 23:48:59.310113,Fight Club,"the curious case of benjamin button, se7en, fury, war machine, by the sea, burn after reading, babel, the tree of life, meet joe black, inglourious basterds"
2024-06-30 23:48:59.321932,se7en,"the girl with the dragon tattoo, gone girl, high crimes, kiss the girls, lucky number slevin, fight club, zodiac, now you see me, the curious case of benjamin button, panic room"
2024-06-30 23:48:59.333398,The Dark Knight,"batman begins, the dark knight rises, harsh times, hard rain, unleashed, the prestige, outbreak, along came a spider, out of the furnace, i'm not there."
2024-06-30 23:48:59.345821,i'm not there.,"velvet goldmine, the dark knight, the fighter, captain corelli's mandolin, the new world, the big short, lords of dogtown, rescue dawn, public enemies, i am heath ledger"
2024-06-30 23:48:59.356074,velvet goldmine,"i'm not there., captain corelli's mandolin, american hustle, far from heaven, american psycho, shadow of the vampire, tumbleweeds, mowgli: legend of the jungle, ford v ferrari, dark waters"
2024-06-30 23:48:59.366239,The Matrix,"the matrix revolutions, the matrix reloaded, jupiter ascending, chain reaction, the day the earth stood still, timecop, cloverfield, bill & ted's excellent adventure, dawn of the planet of the apes, bill & ted's bogus journey"
2024-06-30 23:48:59.375785,the matrix revolutions,"the matrix reloaded, the matrix, jupiter ascending, hulk, stargate sg-1            , chain reaction, the toxic avenger part ii, journey 2: the mysterious island, jimmy neutron: boy genius, terminator 3: rise of the machines"
2024-06-30 23:48:59.387223,the matrix reloaded,"the matrix revolutions, the matrix, jupiter ascending, minions, skyline, queen crab, firebase, armageddon, escape from l.a., universal soldier: the return"
2024-06-30 23:48:59.398145,armageddon,"the island, escape from l.a., transformers: the last knight, transformers, transformers: revenge of the fallen, transformers: age of extinction, transformers: dark of the moon, the fifth element, surrogates, the jackal"
2024-06-30 23:48:59.409434,Inception,"the dark knight rises, g.i. joe: the rise of cobra, mad max: fury road, star trek: nemesis, looper, the revenant, oblivion, jumper, lockout, treasure planet"
2024-06-30 23:48:59.419617,The Matrix,"the matrix revolutions, the matrix reloaded, jupiter ascending, chain reaction, the day the earth stood still, timecop, cloverfield, bill & ted's excellent adventure, dawn of the planet of the apes, bill & ted's bogus journey"
2024-06-30 23:48:59.431228,Inception,"the dark knight rises, g.i. joe: the rise of cobra, mad max: fury road, star trek: nemesis, looper, the revenant, oblivion, jumper, lockout, treasure planet"
2024-06-30 23:48:59.444639,g.i. joe: the rise of cobra,"inception, the day after tomorrow, looper, deep rising, lockout, jurassic world, treasure planet, lost in space, pandorum, the wraith"
2024-06-30 23:48:59.456188,inception,"the dark knight rises, g.i. joe: the rise of cobra, mad max: fury road, star trek: nemesis, looper, the revenant, oblivion, jumper, lockout, treasure planet"
2024-06-30 23:48:59.467402,jumper,"edge of tomorrow, mad max: fury road, star wars: episode iii - revenge of the sith, star wars: episode ii - attack of the clones, star trek: nemesis, inception, zathura: a space adventure, race to witch mountain, 9, 2012"
2024-06-30 23:48:59.477590,Inception,"the dark knight rises, g.i. joe: the rise of cobra, mad max: fury road, star trek: nemesis, looper, the revenant, oblivion, jumper, lockout, treasure planet"
2024-06-30 23:48:59.488550,oblivion,"edge of tomorrow, tron: legacy, mad max: fury road, minority report, destiny, inception, allegiant, top gun: maverick, 9, 2012"
2024-06-30 23:48:59.499689,mad max: fury road,"star trek: nemesis, mad max beyond thunderdome, mad max 2: the road warrior, inception, allegiant, mad max, after earth, oblivion, jumper, clockstoppers"
2024-06-30 23:48:59.513352,star trek: nemesis,"star trek: insurrection, star trek: first contact, star trek: generations, mad max: fury road, inception, clockstoppers, jumper, thunderbirds, planet of the apes, executive decision"
2024-06-30 23:48:59.524699,Inception,"the dark knight rises, g.i. joe: the rise of cobra, mad max: fury road, star trek: nemesis, looper, the revenant, oblivion, jumper, lockout, treasure planet"
2024-06-30 23:48:59.537074,g.i. joe: the rise of cobra,"inception, the day after tomorrow, looper, deep rising, lockout, jurassic world, treasure planet, lost in space, pandorum, the wraith"
2024-06-30 23:48:59.548902,lockout,"tron: legacy, the wolverine, g.i. joe: the rise of cobra, inception, allegiant, the purge: election year, dragonball: evolution, 2012, guardians of the galaxy, insurgent"
2024-06-30 23:48:59.558997,guardians of the galaxy,"the chronicles of riddick, babylon a.d., deep rising, guardians of the galaxy vol. 2, the island, star wars: the clone wars            , the iron giant, 2012, captain america: the first avenger, aliens"
2024-06-30 23:48:59.571129,Pulp Fiction,"reservoir dogs, bandits, 16 blocks, killing zoe, mercury rising, lucky number slevin, death wish, hostage, the hateful eight, kill bill: vol. 2"
2024-06-30 23:48:59.581456,lucky number slevin,"high crimes, red, se7en, kiss the girls, the glass house, hostage, now you see me, extreme measures, along came a spider, getaway"
2024-06-30 23:48:59.593486,high crimes,"lucky number slevin, se7en, kiss the girls, the glass house, now you see me, along came a spider, perception            , the salton sea, the dead girl, double jeopardy"
2024-06-30 23:48:59.604168,The Matrix,"the matrix revolutions, the matrix reloaded, jupiter ascending, chain reaction, the day the earth stood still, timecop, cloverfield, bill & ted's excellent adventure, dawn of the planet of the apes, bill & ted's bogus journey"
2024-06-30 23:48:59.616053,the matrix revolutions,"the matrix reloaded, the matrix, jupiter ascending, hulk, stargate sg-1            , chain reaction, the toxic avenger part ii, journey 2: the mysterious island, jimmy neutron: boy genius, terminator 3: rise of the machines"
2024-06-30 23:48:59.627323,the matrix reloaded,"the matrix revolutions, the matrix, jupiter ascending, minions, skyline, queen crab, firebase, armageddon, escape from l.a., universal soldier: the return"
2024-06-30 23:48:59.638536,armageddon,"the island, escape from l.a., transformers: the last knight, transformers, transformers: revenge of the fallen, transformers: age of extinction, transformers: dark of the moon, the fifth element, surrogates, the jackal"
2024-06-30 23:48:59.650169,The Dark Knight,"batman begins, the dark knight rises, harsh times, hard rain, unleashed, the prestige, outbreak, along came a spider, out of the furnace, i'm not there."
2024-06-30 23:48:59.660125,i'm not there.,"velvet goldmine, the dark knight, the fighter, captain corelli's mandolin, the new world, the big short, lords of dogtown, rescue dawn, public enemies, i am heath ledger"
2024-06-30 23:48:59.670354,velvet goldmine,"i'm not there., captain corelli's mandolin, american hustle, far from heaven, american psycho, shadow of the vampire, tumbleweeds, mowgli: legend of the jungle, ford v ferrari, dark waters"
2024-06-30 23:48:59.681493,The Dark Knight,"batman begins, the dark knight rises, harsh times, hard rain, unleashed, the prestige, outbreak, along came a spider, out of the furnace, i'm not there."
2024-06-30 23:48:59.693774,i'm not there.,"velvet goldmine, the dark knight, the fighter, captain corelli's mandolin, the new world, the big short, lords of dogtown, rescue dawn, public enemies, i am heath ledger"
2024-06-30 23:48:59.706242,public enemies,"the new world, donnie brasco, blow, the big short, the promise, black mass, out of africa, the flowers of war, tombstone, pocahontas"
2024-06-30 23:48:59.718333,the new world,"public enemies, song to song, the big short, passchendaele, the promise, the last of the mohicans, out of africa, the flowers of war, tombstone, pocahontas"
2024-06-30 23:48:59.730849,Inception,"the dark knight rises, g.i. joe: the rise of cobra, mad max: fury road, star trek: nemesis, looper, the revenant, oblivion, jumper, lockout, treasure planet"
2024-06-30 23:48:59.741204,g.i. joe: the rise of cobra,"inception, the day after tomorrow, looper, deep rising, lockout, jurassic world, treasure planet, lost in space, pandorum, the wraith"
2024-06-30 23:48:59.752721,inception,"the dark knight rises, g.i. joe: the rise of cobra, mad max: fury road, star trek: nemesis, looper, the revenant, oblivion, jumper, lockout, treasure planet"
2024-06-30 23:48:59.762142,Fight Club,"the curious case of benjamin button, se7en, fury, war machine, by the sea, burn after reading, babel, the tree of life, meet joe black, inglourious basterds"
2024-06-30 23:48:59.773354,se7en,"the girl with the dragon tattoo, gone girl, high crimes, kiss the girls, lucky number slevin, fight club, zodiac, now you see me, the curious case of benjamin button, panic room"
2024-06-30 23:48:59.783214,the girl with the dragon tattoo,"gone girl, state of play, se7en, zodiac, panic room, the counselor, spider, a walk among the tombstones, unbreakable, the game"
2024-06-30 23:48:59.794136,The Matrix,"the matrix revolutions, the matrix reloaded, jupiter ascending, chain reaction, the day the earth stood still, timecop, cloverfield, bill & ted's excellent adventure, dawn of the planet of the apes, bill & ted's bogus journey"
2024-06-30 23:48:59.803637,the day the earth stood still,"chain reaction, a scanner darkly, deep impact, godsend, the matrix, the devil's advocate, the town, blade runner, the exorcism of emily rose, beirut"
2024-06-30 23:48:59.814877,the matrix,"the matrix revolutions, the matrix reloaded, jupiter ascending, chain reaction, the day the earth stood still, timecop, cloverfield, bill & ted's excellent adventure, dawn of the planet of the apes, bill & ted's bogus journey"
2024-06-30 23:48:59.826705,the matrix revolutions,"the matrix reloaded, the matrix, jupiter ascending, hulk, stargate sg-1            , chain reaction, the toxic avenger part ii, journey 2: the mysterious island, jimmy neutron: boy genius, terminator 3: rise of the machines"
2024-06-30 23:48:59.837788,Pulp Fiction,"reservoir dogs, bandits, 16 blocks, killing zoe, mercury rising, lucky number slevin, death wish, hostage, the hateful eight, kill bill: vol. 2"
2024-06-30 23:48:59.849473,lucky number slevin,"high crimes, red, se7en, kiss the girls, the glass house, hostage, now you see me, extreme measures, along came a spider, getaway"
2024-06-30 23:48:59.861562,high crimes,"lucky number slevin, se7en, kiss the girls, the glass house, now you see me, along came a spider, perception            , the salton sea, the dead girl, double jeopardy"
2024-06-30 23:48:59.873275,Fight Club,"the curious case of benjamin button, se7en, fury, war machine, by the sea, burn after reading, babel, the tree of life, meet joe black, inglourious basterds"
2024-06-30 23:48:59.885512,se7en,"the girl with the dragon tattoo, gone girl, high crimes, kiss the girls, lucky number slevin, fight club, zodiac, now you see me, the curious case of benjamin button, panic room"
2024-06-30 23:48:59.905710,lucky number slevin,"high crimes, red, se7en, kiss the girls, the glass house, hostage, now you see me, extreme measures, along came a spider, getaway"
2024-06-30 23:48:59.916854,Fight Club,"the curious case of benjamin button, se7en, fury, war machine, by the sea, burn after reading, babel, the tree of life, meet joe black, inglourious basterds"
2024-06-30 23:48:59.928829,fury,"war machine, fight club, the curious case of benjamin button, noah, inglourious basterds, harsh times, the devil's own, se7en, legends of the fall, street kings"
2024-06-30 23:48:59.942423,se7en,"the girl with the dragon tattoo, gone girl, high crimes, kiss the girls, lucky number slevin, fight club, zodiac, now you see me, the curious case of benjamin button, panic room"
2024-06-30 23:48:59.955386,the girl with the dragon tattoo,"gone girl, state of play, se7en, zodiac, panic room, the counselor, spider, a walk among the tombstones, unbreakable, the game"
2024-06-30 23:48:59.964969,Fight Club,"the curious case of benjamin button, se7en, fury, war machine, by the sea, burn after reading, babel, the tree of life, meet joe black, inglourious basterds"
2024-06-30 23:48:59.976005,se7en,"the girl with the dragon tattoo, gone girl, high crimes, kiss the girls, lucky number slevin, fight club, zodiac, now you see me, the curious case of benjamin button, panic room"
2024-06-30 23:48:59.986901,kiss the girls,"don't say a word, the pelican brief, high crimes, se7en, lucky number slevin, now you see me, impostor, along came a spider, brother, the dark knight"
2024-06-30 23:48:59.999165,Pulp Fiction,"reservoir dogs, bandits, 16 blocks, killing zoe, mercury rising, lucky number slevin, death wish, hostage, the hateful eight, kill bill: vol. 2"
2024-06-30 23:49:00.010461,mercury rising,"16 blocks, death wish, hostage, looper, red 2, tears of the sun, sin city: a dame to kill for, red, the jackal, run all night"
2024-06-30 23:49:00.023402,16 blocks,"mercury rising, death wish, hostage, looper, lethal weapon 4, assassins, cellular, lethal weapon 3, contraband, a most violent year"
2024-06-30 23:49:00.035401,assassins,"the expendables, lethal weapon 4, lethal weapon 3, nighthawks, rambo iii, tango & cash, 16 blocks, conspiracy theory, get carter, escape plan"
2024-06-30 23:49:00.045608,Fight Club,"the curious case of benjamin button, se7en, fury, war machine, by the sea, burn after reading, babel, the tree of life, meet joe black, inglourious basterds"
2024-06-30 23:49:00.058514,se7en,"the girl with the dragon tattoo, gone girl, high crimes, kiss the girls, lucky number slevin, fight club, zodiac, now you see me, the curious case of benjamin button, panic room"
2024-06-30 23:49:00.070652,the girl with the dragon tattoo,"gone girl, state of play, se7en, zodiac, panic room, the counselor, spider, a walk among the tombstones, unbreakable, the game"
2024-06-30 23:49:00.082015,Inception,"the dark knight rises, g.i. joe: the rise of cobra, mad max: fury road, star trek: nemesis, looper, the revenant, oblivion, jumper, lockout, treasure planet"
2024-06-30 23:49:00.093629,lockout,"tron: legacy, the wolverine, g.i. joe: the rise of cobra, inception, allegiant, the purge: election year, dragonball: evolution, 2012, guardians of the galaxy, insurgent"
2024-06-30 23:49:00.103787,guardians of the galaxy,"the chronicles of riddick, babylon a.d., deep rising, guardians of the galaxy vol. 2, the island, star wars: the clone wars            , the iron giant, 2012, captain america: the first avenger, aliens"
2024-06-30 23:49:00.115051,the chronicles of riddick,"babylon a.d., riddick, pitch black, guardians of the galaxy, daredevil            , a sound of thunder, star trek: generations, xxx, blade: trinity, the iron giant"
2024-06-30 23:49:00.126637,Fight Club,"the curious case of benjamin button, se7en, fury, war machine, by the sea, burn after reading, babel, the tree of life, meet joe black, inglourious basterds"
2024-06-30 23:49:00.138694,se7en,"the girl with the dragon tattoo, gone girl, high crimes, kiss the girls, lucky number slevin, fight club, zodiac, now you see me, the curious case of benjamin button, panic room"
2024-06-30 23:49:00.148540,the girl with the dragon tattoo,"gone girl, state of play, se7en, zodiac, panic room, the counselor, spider, a walk among the tombstones, unbreakable, the game"
2024-06-30 23:49:00.160062,gone girl,"the girl with the dragon tattoo, se7en, zodiac, the fugitive, hard candy, panic room, a walk among the tombstones, 2 guns, the game, mean streets"
2024-06-30 23:49:00.170819,Inception,"the dark knight rises, g.i. joe: the rise of cobra, mad max: fury road, star trek: nemesis, looper, the revenant, oblivion, jumper, lockout, treasure planet"
2024-06-30 23:49:00.183048,jumper,"edge of tomorrow, mad max: fury road, star wars: episode iii - revenge of the sith, star wars: episode ii - attack of the clones, star trek: nemesis, inception, zathura: a space adventure, race to witch mountain, 9, 2012"
2024-06-30 23:49:00.195147,mad max: fury road,"star trek: nemesis, mad max beyond thunderdome, mad max 2: the road warrior, inception, allegiant, mad max, after earth, oblivion, jumper, clockstoppers"
2024-06-30 23:49:00.206672,star trek: nemesis,"star trek: insurrection, star trek: first contact, star trek: generations, mad max: fury road, inception, clockstoppers, jumper, thunderbirds, planet of the apes, executive decision"
2024-06-30 23:49:00.218076,Pulp Fiction,"reservoir dogs, bandits, 16 blocks, killing zoe, mercury rising, lucky number slevin, death wish, hostage, the hateful eight, kill bill: vol. 2"
2024-06-30 23:49:00.229102,lucky number slevin,"high crimes, red, se7en, kiss the girls, the glass house, hostage, now you see me, extreme measures, along came a spider, getaway"
2024-06-30 23:49:00.241799,high crimes,"lucky number slevin, se7en, kiss the girls, the glass house, now you see me, along came a spider, perception            , the salton sea, the dead girl, double jeopardy"
2024-06-30 23:49:00.252552,The Dark Knight,"batman begins, the dark knight rises, harsh times, hard rain, unleashed, the prestige, outbreak, along came a spider, out of the furnace, i'm not there."
2024-06-30 23:49:00.264179,i'm not there.,"velvet goldmine, the dark knight, the fighter, captain corelli's mandolin, the new world, the big short, lords of dogtown, rescue dawn, public enemies, i am heath ledger"
2024-06-30 23:49:00.276289,velvet goldmine,"i'm not there., captain corelli's mandolin, american hustle, far from heaven, american psycho, shadow of the vampire, tumbleweeds, mowgli: legend of the jungle, ford v ferrari, dark waters"
2024-06-30 23:49:00.289075,Pulp Fiction,"reservoir dogs, bandits, 16 blocks, killing zoe, mercury rising, lucky number slevin, death wish, hostage, the hateful eight, kill bill: vol. 2"
2024-06-30 23:49:00.302213,lucky number slevin,"high crimes, red, se7en, kiss the girls, the glass house, hostage, now you see me, extreme measures, along came a spider, getaway"
2024-06-30 23:49:00.316247,Pulp Fiction,"reservoir dogs, bandits, 16 blocks, killing zoe, mercury rising, lucky number slevin, death wish, hostage, the hateful eight, kill bill: vol. 2"
2024-06-30 23:49:00.328635,killing zoe,"subway, harvard man, pulp fiction, perception            , we have your husband, the bank job, alone with her, the butterfly effect, swimming pool, assault on precinct 13"
2024-06-30 23:49:00.340601,The Dark Knight,"batman begins, the dark knight rises, harsh times, hard rain, unleashed, the prestige, outbreak, along came a spider, out of the furnace, i'm not there."
2024-06-30 23:49:00.351221,The Matrix,"the matrix revolutions, the matrix reloaded, jupiter ascending, chain reaction, the day the earth stood still, timecop, cloverfield, bill & ted's excellent adventure, dawn of the planet of the apes, bill & ted's bogus journey"
2024-06-30 23:49:00.363050,the matrix revolutions,"the matrix reloaded, the matrix, jupiter ascending, hulk, stargate sg-1            , chain reaction, the toxic avenger part ii, journey 2: the mysterious island, jimmy neutron: boy genius, terminator 3: rise of the machines"
2024-06-30 23:49:00.374121,the matrix reloaded,"the matrix revolutions, the matrix, jupiter ascending, minions, skyline, queen crab, firebase, armageddon, escape from l.a., universal soldier: the return"
2024-06-30 23:49:00.386549,armageddon,"the island, escape from l.a., transformers: the last knight, transformers, transformers: revenge of the fallen, transformers: age of extinction, transformers: dark of the moon, the fifth element, surrogates, the jackal"
2024-06-30 23:49:00.399223,Fight Club,"the curious case of benjamin button, se7en, fury, war machine, by the sea, burn after reading, babel, the tree of life, meet joe black, inglourious basterds"
2024-06-30 23:49:00.414240,se7en,"the girl with the dragon tattoo, gone girl, high crimes, kiss the girls, lucky number slevin, fight club, zodiac, now you see me, the curious case of benjamin button, panic room"
2024-06-30 23:49:00.427052,the girl with the dragon tattoo,"gone girl, state of play, se7en, zodiac, panic room, the counselor, spider, a walk among the tombstones, unbreakable, the game"
2024-06-30 23:49:00.439097,Pulp Fiction,"reservoir dogs, bandits, 16 blocks, killing zoe, mercury rising, lucky number slevin, death wish, hostage, the hateful eight, kill bill: vol. 2"
2024-06-30 23:49:00.450953,lucky number slevin,"high crimes, red, se7en, kiss the girls, the glass house, hostage, now you see me, extreme measures, along came a spider, getaway"
2024-06-30 23:49:00.463095,se7en,"the girl with the dragon tattoo, gone girl, high crimes, kiss the girls, lucky number slevin, fight club, zodiac, now you see me, the curious case of benjamin button, panic room"
2024-06-30 23:49:00.472993,gone girl,"the girl with the dragon tattoo, se7en, zodiac, the fugitive, hard candy, panic room, a walk among the tombstones, 2 guns, the game, mean streets"
2024-06-30 23:49:00.483864,Inception,"the dark knight rises, g.i. joe: the rise of cobra, mad max: fury road, star trek: nemesis, looper, the revenant, oblivion, jumper, lockout, treasure planet"
2024-06-30 23:49:00.496904,looper,"sin city: a dame to kill for, g.i. joe: the rise of cobra, inception, daredevil            , miracle at st. anna, surrogates, 16 blocks, premium rush, mercury rising, death wish"
2024-06-30 23:49:00.508532,g.i. joe: the rise of cobra,"inception, the day after tomorrow, looper, deep rising, lockout, jurassic world, treasure planet, lost in space, pandorum, the wraith"
2024-06-30 23:49:00.521739,pandorum,"blade ii, the day after tomorrow, g.i. joe: the rise of cobra, frequency, the wraith, case 39, ultramarines: a warhammer 40,000 movie, dylan dog: dead of night, i, robot, minority report"
2024-06-30 23:49:00.532295,The Matrix,"the matrix revolutions, the matrix reloaded, jupiter ascending, chain reaction, the day the earth stood still, timecop, cloverfield, bill & ted's excellent adventure, dawn of the planet of the apes, bill & ted's bogus journey"
2024-06-30 23:49:00.545022,bill & ted's bogus journey,"bill & ted's excellent adventure, bill & ted face the music, star wars: episode iv - a new hope, muppets from space, the borrowers, dogma, star wars: episode iii - revenge of the sith, star wars: episode ii - attack of the clones, star wars: episode i - the phantom menace, zoom"
2024-06-30 23:49:00.558579,bill & ted's excellent adventure,"bill & ted's bogus journey, teenage mutant ninja turtles: out of the shadows, clockstoppers, monsters vs. aliens, muppets from space, six-string samurai, ant-man, the matrix, jersey girl, back to the future"
2024-06-30 23:49:00.569136,the matrix,"the matrix revolutions, the matrix reloaded, jupiter ascending, chain reaction, the day the earth stood still, timecop, cloverfield, bill & ted's excellent adventure, dawn of the planet of the apes, bill & ted's bogus journey"
2024-06-30 23:49:00.580050,Pulp Fiction,"reservoir dogs, bandits, 16 blocks, killing zoe, mercury rising, lucky number slevin, death wish, hostage, the hateful eight, kill bill: vol. 2"
2024-06-30 23:49:00.590958,lucky number slevin,"high crimes, red, se7en, kiss the girls, the glass house, hostage, now you see me, extreme measures, along came a spider, getaway"
2024-06-30 23:49:00.604028,high crimes,"lucky number slevin, se7en, kiss the girls, the glass house, now you see me, along came a spider, perception            , the salton sea, the dead girl, double jeopardy"
2024-06-30 23:49:00.616735,kiss the girls,"don't say a word, the pelican brief, high crimes, se7en, lucky number slevin, now you see me, impostor, along came a spider, brother, the dark knight"
2024-06-30 23:49:00.628242,Fight Club,"the curious case of benjamin button, se7en, fury, war machine, by the sea, burn after reading, babel, the tree of life, meet joe black, inglourious basterds"
2024-06-30 23:49:00.641565,fury,"war machine, fight club, the curious case of benjamin button, noah, inglourious basterds, harsh times, the devil's own, se7en, legends of the fall, street kings"
2024-06-30 23:49:00.654091,se7en,"the girl with the dragon tattoo, gone girl, high crimes, kiss the girls, lucky number slevin, fight club, zodiac, now you see me, the curious case of benjamin button, panic room"
2024-06-30 23:49:00.666447,kiss the girls,"don't say a word, the pelican brief, high crimes, se7en, lucky number slevin, now you see me, impostor, along came a spider, brother, the dark knight"
2024-06-30 23:49:00.680796,The Matrix,"the matrix revolutions, the matrix reloaded, jupiter ascending, chain reaction, the day the earth stood still, timecop, cloverfield, bill & ted's excellent adventure, dawn of the planet of the apes, bill & ted's bogus journey"
2024-06-30 23:49:00.692018,the matrix revolutions,"the matrix reloaded, the matrix, jupiter ascending, hulk, stargate sg-1            , chain reaction, the toxic avenger part ii, journey 2: the mysterious island, jimmy neutron: boy genius, terminator 3: rise of the machines"
2024-06-30 23:49:00.706472,The Dark Knight,"batman begins, the dark knight rises, harsh times, hard rain, unleashed, the prestige, outbreak, along came a spider, out of the furnace, i'm not there."
2024-06-30 23:49:00.717398,i'm not there.,"velvet goldmine, the dark knight, the fighter, captain corelli's mandolin, the new world, the big short, lords of dogtown, rescue dawn, public enemies, i am heath ledger"
2024-06-30 23:49:00.728863,velvet goldmine,"i'm not there., captain corelli's mandolin, american hustle, far from heaven, american psycho, shadow of the vampire, tumbleweeds, mowgli: legend of the jungle, ford v ferrari, dark waters"
2024-06-30 23:49:00.740941,Fight Club,"the curious case of benjamin button, se7en, fury, war machine, by the sea, burn after reading, babel, the tree of life, meet joe black, inglourious basterds"
2024-06-30 23:49:00.753181,se7en,"the girl with the dragon tattoo, gone girl, high crimes, kiss the girls, lucky number slevin, fight club, zodiac, now you see me, the curious case of benjamin button, panic room"
2024-06-30 23:49:00.770007,the girl with the dragon tattoo,"gone girl, state of play, se7en, zodiac, panic room, the counselor, spider, a walk among the tombstones, unbreakable, the game"
2024-06-30 23:49:00.786369,gone girl,"the girl with the dragon tattoo, se7en, zodiac, the fugitive, hard candy, panic room, a walk among the tombstones, 2 guns, the game, mean streets"
2024-06-30 23:49:00.798577,The Matrix,"the matrix revolutions, the matrix reloaded, jupiter ascending, chain reaction, the day the earth stood still, timecop, cloverfield, bill & ted's excellent adventure, dawn of the planet of the apes, bill & ted's bogus journey"
2024-06-30 23:49:00.813831,bill & ted's excellent adventure,"bill & ted's bogus journey, teenage mutant ninja turtles: out of the shadows, clockstoppers, monsters vs. aliens, muppets from space, six-string samurai, ant-man, the matrix, jersey girl, back to the future"
2024-06-30 23:49:00.830941,the matrix,"the matrix revolutions, the matrix reloaded, jupiter ascending, chain reaction, the day the earth stood still, timecop, cloverfield, bill & ted's excellent adventure, dawn of the planet of the apes, bill & ted's bogus journey"
2024-06-30 23:49:00.846333,the matrix revolutions,"the matrix reloaded, the matrix, jupiter ascending, hulk, stargate sg-1            , chain reaction, the toxic avenger part ii, journey 2: the mysterious island, jimmy neutron: boy genius, terminator 3: rise of the machines"
